Code,Name,Country,Exchange,Currency,Type,ISIN
MMM,3M,US,NYSE,USD,Common Stock,US88579Y1010
AOS,A. O. Smith,US,NYSE,USD,Common Stock,US8318652091
AAON,AAON,US,NASDAQ,USD,Common Stock,US0003602069
ABT,Abbott Laboratories,US,NYSE,USD,Common Stock,US0028241000
ABBV,AbbVie,US,NYSE,USD,Common Stock,US00287Y1091
ACHC,Acadia Healthcare,US,NASDAQ,USD,Common Stock,US00404A1097
ACN,Accenture,US,NYSE,USD,Common Stock,IE00B4BNMY34
AYI,Acuity Brands,US,NYSE,USD,Common Stock,US00508Y1029
ADBE,Adobe Inc.,US,NASDAQ,USD,Common Stock,US00724F1012
ADT,ADT Inc.,US,NYSE,USD,Common Stock,US00090Q1031
WMS,Advanced Drainage Systems,US,NYSE,USD,Common Stock,US00790R1041
AMD,Advanced Micro Devices,US,NASDAQ,USD,Common Stock,US0079031078
ACM,AECOM,US,NYSE,USD,Common Stock,US00766T1007
AES,AES Corporation,US,NYSE,USD,Common Stock,US00130H1059
AMG,Affiliated Managers Group,US,NYSE,USD,Common Stock,US0082521081
AFRM,Affirm Holdings,US,NASDAQ,USD,Common Stock,US00827B1061
AFL,Aflac,US,NYSE,USD,Common Stock,US0010551028
AGCO,AGCO,US,NYSE,USD,Common Stock,US0010841023
A,Agilent Technologies,US,NYSE,USD,Common Stock,US00846U1016
ADC,Agree Realty,US,NYSE,USD,Common Stock,US0084921008
AGNC,AGNC Investment,US,NASDAQ,USD,Common Stock,US00123Q1040
AL,Air Lease Corporation,US,NYSE,USD,Common Stock,US00912X3026
APD,Air Products,US,NYSE,USD,Common Stock,US0091581068
ABNB,Airbnb,US,NASDAQ,USD,Common Stock,US0090661010
AKAM,Akamai Technologies,US,NASDAQ,USD,Common Stock,US00971T1016
ALK,Alaska Air Group,US,NYSE,USD,Common Stock,US0116591092
ALB,Albemarle Corporation,US,NYSE,USD,Common Stock,US0126531013
ACI,Albertsons,US,NYSE,USD,Common Stock,US0130911037
AA,Alcoa,US,NYSE,USD,Common Stock,US0138175070
ARE,Alexandria Real Estate Equities,US,NYSE,USD,Common Stock,US0152711091
ALGN,Align Technology,US,NASDAQ,USD,Common Stock,US0162551016
ALLE,Allegion,US,NYSE,USD,Common Stock,IE00BFRT3W74
ALGM,Allegro MicroSystems,US,NASDAQ,USD,Common Stock,US01749D1054
LNT,Alliant Energy,US,NASDAQ,USD,Common Stock,US0188021085
ALSN,Allison Transmission,US,NYSE,USD,Common Stock,US01973R1014
ALL,Allstate,US,NYSE,USD,Common Stock,US0200021014
ALLY,Ally Financial,US,NYSE,USD,Common Stock,US02005N1000
ALNY,Alnylam Pharmaceuticals,US,NASDAQ,USD,Common Stock,US02043Q1076
GOOGL,Alphabet (Class A),US,NASDAQ,USD,Common Stock,US02079K3059
GOOG,Alphabet (Class C),US,NASDAQ,USD,Common Stock,US02079K1079
MO,Altria,US,NYSE,USD,Common Stock,US02209S1033
AMZN,Amazon,US,NASDAQ,USD,Common Stock,US0231351067
AMCR,Amcor,US,NYSE,USD,Common Stock,AU000000AMC4
DOX,Amdocs,US,NASDAQ,USD,Common Stock,GB0022569080
AMTM,Amentum,US,NYSE,USD,Common Stock,
AS,Amer Sports,US,NYSE,USD,Common Stock,
AEE,Ameren,US,NYSE,USD,Common Stock,US0236081024
AAL,American Airlines Group,US,NASDAQ,USD,Common Stock,US02376R1023
AEP,American Electric Power,US,NYSE,USD,Common Stock,US0255371017
AXP,American Express,US,NYSE,USD,Common Stock,US0258161092
AFG,American Financial Group,US,NYSE,USD,Common Stock,US0259321042
AMH,American Homes 4 Rent,US,NYSE,USD,Common Stock,US02665T3068
AIG,American International Group,US,NYSE,USD,Common Stock,US0268747849
AMT,American Tower,US,NYSE,USD,Common Stock,US03027X1000
AWK,American Water Works,US,NYSE,USD,Common Stock,US0304201033
COLD,Americold,US,NYSE,USD,Common Stock,US03064D1081
AMP,Ameriprise Financial,US,NYSE,USD,Common Stock,US03076C1062
AME,Ametek,US,NYSE,USD,Common Stock,US0311001004
AMGN,Amgen,US,NASDAQ,USD,Common Stock,US0311621009
AMKR,Amkor Technology,US,NASDAQ,USD,Common Stock,US0316521006
APH,Amphenol,US,NYSE,USD,Common Stock,US0320951017
ADI,Analog Devices,US,NASDAQ,USD,Common Stock,US0326541051
AU,AngloGold Ashanti,US,NYSE,USD,Common Stock,US0351282068
NLY,Annaly Capital Management,US,NYSE,USD,Common Stock,US0357108390
AM,Antero Midstream,US,NYSE,USD,Common Stock,US03676B1026
AR,Antero Resources,US,NYSE,USD,Common Stock,US03674X1063
AON,AON,US,NYSE,USD,Common Stock,IE00BLP1HW54
APA,APA Corporation,US,NASDAQ,USD,Common Stock,US03743Q1085
APG,APi Group,US,NYSE,USD,Common Stock,US00187Y1001
APLS,Apellis Pharmaceuticals,US,NASDAQ,USD,Common Stock,US03753U1060
APO,Apollo Global Management,US,NYSE,USD,Common Stock,US03768E1055
APPF,AppFolio,US,NASDAQ,USD,Common Stock,US03783C1009
AAPL,Apple Inc.,US,NASDAQ,USD,Common Stock,US0378331005
AIT,Applied Industrial Technologies,US,NYSE,USD,Common Stock,US03820C1053
AMAT,Applied Materials,US,NASDAQ,USD,Common Stock,US0382221051
APP,AppLovin,US,NASDAQ,USD,Common Stock,US03831W1080
ATR,AptarGroup,US,NYSE,USD,Common Stock,US0383361039
APTV,Aptiv,US,NYSE,USD,Common Stock,JE00B783TY65
ARMK,Aramark,US,NYSE,USD,Common Stock,US03852U1060
ACGL,Arch Capital Group,US,NYSE,USD,Common Stock,BMG0450A1053
ADM,Archer Daniels Midland,US,NYSE,USD,Common Stock,US0394831020
ARES,Ares Management,US,NYSE,USD,Common Stock,US04014F1021
ANET,Arista Networks,US,NYSE,USD,Common Stock,US0404131064
AWI,Armstrong World Industries,US,NYSE,USD,Common Stock,US04247X1028
ARW,Arrow Electronics,US,NYSE,USD,Common Stock,US0427351004
AJG,Arthur J. Gallagher & Co.,US,NYSE,USD,Common Stock,US3635761097
ASH,Ashland Global,US,NYSE,USD,Common Stock,US0441861046
AIZ,Assurant,US,NYSE,USD,Common Stock,US04621X1081
AGO,Assured Guaranty,US,NYSE,USD,Common Stock,BMG0585R1060
ALAB,Astera Labs,US,NASDAQ,USD,Common Stock,
ASTS,AST SpaceMobile,US,NASDAQ,USD,Common Stock,US00217D1000
T,AT&T,US,NYSE,USD,Common Stock,US00206R1023
ATI,ATI Inc.,US,NYSE,USD,Common Stock,US0018811059
TEAM,Atlassian,US,NASDAQ,USD,Common Stock,US0494681010
ATO,Atmos Energy,US,NYSE,USD,Common Stock,US0495601058
AUR,Aurora Innovation,US,NASDAQ,USD,Common Stock,US0517741072
ADSK,Autodesk,US,NASDAQ,USD,Common Stock,US0527691069
ADP,Automatic Data Processing,US,NASDAQ,USD,Common Stock,US0530151036
AN,AutoNation,US,NYSE,USD,Common Stock,US05329W1027
AZO,AutoZone,US,NYSE,USD,Common Stock,US0533321024
AVB,AvalonBay Communities,US,NYSE,USD,Common Stock,US0534841012
AVTR,Avantor,US,NYSE,USD,Common Stock,US05352A1007
AVY,Avery Dennison,US,NYSE,USD,Common Stock,US0536111091
CAR,Avis Budget Group,US,NASDAQ,USD,Common Stock,US0537741052
AVT,Avnet,US,NASDAQ,USD,Common Stock,US0538071038
AXTA,Axalta,US,NYSE,USD,Common Stock,BMG0750C1082
AXS,AXIS Capital,US,NYSE,USD,Common Stock,BMG0692U1099
AXON,Axon Enterprise,US,NASDAQ,USD,Common Stock,US05464C1018
BKR,Baker Hughes,US,NASDAQ,USD,Common Stock,US05722G1004
BALL,Ball Corporation,US,NYSE,USD,Common Stock,US0584981064
BAC,Bank of America,US,NYSE,USD,Common Stock,US0605051046
OZK,Bank OZK,US,NASDAQ,USD,Common Stock,US06417N1037
BBWI,Bath & Body Works US,NYSE,USD,Common Stock,US0708301041
BAX,Baxter International,US,NYSE,USD,Common Stock,US0718131099
BDX,Becton Dickinson,US,NYSE,USD,Common Stock,US0758871091
BRBR,BellRing Brands,US,NYSE,USD,Common Stock,US07831C1009
BSY,Bentley Systems,US,NASDAQ,USD,Common Stock,US08265T2087
BRK.B,Berkshire Hathaway (Class B),US,NYSE,USD,Common Stock,US0846707026
BBY,Best Buy,US,NYSE,USD,Common Stock,US0865161014
BILL,Bill.com,US,NYSE,USD,Common Stock,US0900431000
BIO,Bio-Rad Laboratories,US,NYSE,USD,Common Stock,US0905722072
TECH,Bio-Techne,US,NASDAQ,USD,Common Stock,US09073M1045
BIIB,Biogen,US,NASDAQ,USD,Common Stock,US09062X1037
BMRN,BioMarin Pharmaceutical,US,NASDAQ,USD,Common Stock,US09061G1013
BIRK,Birkenstock,US,NASDAQ,USD,Common Stock,
BJ,BJ's Wholesale Club,US,NYSE,USD,Common Stock,US05550J1016
BLK,BlackRock,US,NYSE,USD,Common Stock,US09247X1019
BX,Blackstone Inc.,US,NYSE,USD,Common Stock,US09260D1072
HRB,H&R Block,US,NYSE,USD,Common Stock,US0936711052
SQ,Block Inc.,US,NYSE,USD,Common Stock,US8522341036
OWL,Blue Owl Capital,US,NYSE,USD,Common Stock,US09581B1035
BK,BNY Mellon,US,NYSE,USD,Common Stock,US0640581007
BA,Boeing,US,NYSE,USD,Common Stock,US0970231058
BOKF,BOK Financial Corporation,US,NASDAQ,USD,Common Stock,US05561Q2012
BKNG,Booking Holdings,US,NASDAQ,USD,Common Stock,US09857L1089
BAH,Booz Allen Hamilton,US,NYSE,USD,Common Stock,US0995021062
BWA,BorgWarner,US,NYSE,USD,Common Stock,US0997241064
SAM,Boston Beer Company,US,NYSE,USD,Common Stock,US1005571070
BSX,Boston Scientific,US,NYSE,USD,Common Stock,US1011371077
BYD,Boyd Gaming,US,NYSE,USD,Common Stock,US1033041013
BFAM,Bright Horizons,US,NYSE,USD,Common Stock,US1091951079
BHF,Brighthouse Financial,US,NASDAQ,USD,Common Stock,US10922N1037
BMY,Bristol Myers Squibb,US,NYSE,USD,Common Stock,US1101221083
BRX,Brixmor Property Group,US,NYSE,USD,Common Stock,US11120U1051
AVGO,Broadcom,US,NASDAQ,USD,Common Stock,US11135F1012
BR,Broadridge Financial Solutions,US,NYSE,USD,Common Stock,US11133T1034
BAM,Brookfield Asset Management,US,NYSE,USD,Common Stock,CA11275Q1072
BEPC,Brookfield Renewable Partners,US,NYSE,USD,Common Stock,BMG162581083
BRO,Brown & Brown,US,NYSE,USD,Common Stock,US1152361010
BF.A,Brown–Forman (Class A),US,NYSE,USD,Common Stock,US1156372096
BF.B,Brown–Forman (Class B),US,NYSE,USD,Common Stock,US1156372096
BRKR,Bruker,US,NASDAQ,USD,Common Stock,US1167941087
BC,Brunswick Corporation,US,NYSE,USD,Common Stock,US1170431092
BLDR,Builders FirstSource,US,NYSE,USD,Common Stock,US12008R1077
BG,Bunge Global,US,NYSE,USD,Common Stock,US1205681087
BURL,Burlington Stores,US,NYSE,USD,Common Stock,US1220171060
BWXT,BWX Technologies,US,NYSE,USD,Common Stock,US05605H1005
BXP,BXP Inc.,US,NYSE,USD,Common Stock,US1011211018
CHRW,C.H. Robinson,US,NASDAQ,USD,Common Stock,US12541W2098
CACI,CACI,US,NYSE,USD,Common Stock,US1271903049
CDNS,Cadence Design Systems,US,NASDAQ,USD,Common Stock,US1273871087
CZR,Caesars Entertainment,US,NASDAQ,USD,Common Stock,US12769G1004
CPT,Camden Property Trust,US,NYSE,USD,Common Stock,US1331311027
CPB,Campbell Soup Company,US,NYSE,USD,Common Stock,US1344291091
COF,Capital One,US,NYSE,USD,Common Stock,US14040H1059
CAH,Cardinal Health,US,NYSE,USD,Common Stock,US14149Y1082
CSL,Carlisle Companies,US,NYSE,USD,Common Stock,US1423391002
CG,Carlyle Group (The),US,NASDAQ,USD,Common Stock,US14316J1088
KMX,CarMax,US,NYSE,USD,Common Stock,US1431301027
CCL,Carnival Corporation & plc,US,NYSE,USD,Common Stock,PA1436583006
CRS,Carpenter Technology Corporation,US,NYSE,USD,Common Stock,US1442851036
CARR,Carrier Global,US,NYSE,USD,Common Stock,US14448C1045
CVNA,Carvana,US,NASDAQ,USD,Common Stock,US1468691027
CASY,Casey's,US,NASDAQ,USD,Common Stock,US1475281036
CAT,Caterpillar Inc.,US,NYSE,USD,Common Stock,US1491231015
CAVA,Cava Group,US,NYSE,USD,Common Stock,US14986W1027
CBOE,Cboe Global Markets,US,BZX,USD,Common Stock,US12503M1080
CBRE,CBRE Group,US,NYSE,USD,Common Stock,US12504L1098
CCCS,CCC Intelligent Solutions,US,NASDAQ,USD,Common Stock,US12510Q1004
CDW,CDW,US,NASDAQ,USD,Common Stock,US12514G1085
CE,Celanese,US,NYSE,USD,Common Stock,US1508701034
CELH,Celsius Holdings,US,NASDAQ,USD,Common Stock,US15118V2079
COR,Cencora (AmerisourceBergen),US,NYSE,USD,Common Stock,US03073E1055
CNC,Centene,US,NYSE,USD,Common Stock,US15135B1017
CNP,Centerpoint Energy,US,NYSE,USD,Common Stock,US15189T1079
CERT,Certara Inc.,US,NASDAQ,USD,Common Stock,US15687V1098
CF,CF Industries,US,NYSE,USD,Common Stock,US1252691001
CRL,Charles River Laboratories,US,NYSE,USD,Common Stock,US1598641074
SCHW,Charles Schwab Corporation,US,NYSE,USD,Common Stock,US8085131055
CHTR,Charter Communications,US,NASDAQ,USD,Common Stock,US16119P1084
CHE,Chemed Corporation,US,NYSE,USD,Common Stock,US16359R1032
LNG,Cheniere Energy,US,NYSE,USD,Common Stock,US16411R2085
CVX,Chevron Corporation,US,NYSE,USD,Common Stock,US1667641005
CHWY,Chewy,US,NYSE,USD,Common Stock,US16679L1098
CMG,Chipotle Mexican Grill,US,NYSE,USD,Common Stock,US1696561059
CHH,Choice Hotels,US,NYSE,USD,Common Stock,US1699051066
CHRD,Chord Energy,US,NASDAQ,USD,Common Stock,US17040P1084
CB,Chubb Limited,US,NYSE,USD,Common Stock,CH0044328745
CHD,Church & Dwight,US,NYSE,USD,Common Stock,US1713401024
CHDN,Churchill Downs Incorporated,US,NASDAQ,USD,Common Stock,US1714841087
CIEN,Ciena,US,NYSE,USD,Common Stock,US1717793095
CI,Cigna,US,NYSE,USD,Common Stock,US1255231003
CINF,Cincinnati Financial,US,NASDAQ,USD,Common Stock,US1720621010
CTAS,Cintas,US,NASDAQ,USD,Common Stock,US1729081059
CRUS,Cirrus Logic,US,NASDAQ,USD,Common Stock,US1727551004
CSCO,Cisco,US,NASDAQ,USD,Common Stock,US17275R1023
C,Citigroup,US,NYSE,USD,Common Stock,US1729674242
CFG,Citizens Financial Group,US,NYSE,USD,Common Stock,US1746101054
CIVI,Civitas Resources,US,NYSE,USD,Common Stock,US17888H1032
CLVT,Clarivate,US,NYSE,USD,Common Stock,JE00BJJN4441
CLH,Clean Harbors,US,NYSE,USD,Common Stock,US1844961078
CWEN.A,Clearway Energy (Class A),US,NYSE,USD,Common Stock,US18539C2035
CWEN,Clearway Energy (Class C),US,NYSE,USD,Common Stock,US18539C1053
CLF,Cleveland-Cliffs,US,NYSE,USD,Common Stock,US1858991011
CLX,Clorox,US,NYSE,USD,Common Stock,US1890541097
NET,Cloudflare,US,NYSE,USD,Common Stock,US18915M1071
CME,CME Group,US,NASDAQ,USD,Common Stock,US12572Q1058
CMS,CMS Energy,US,NYSE,USD,Common Stock,US1258961002
CNA,CNA Financial,US,NYSE,USD,Common Stock,US1261171003
CNH,CNH Industrial,US,NYSE,USD,Common Stock,NL0010545661
KO,Coca-Cola Company (The),US,NYSE,USD,Common Stock,US1912161007
COKE,Coca-Cola Consolidated,US,NASDAQ,USD,Common Stock,US19122T1097
CGNX,Cognex Corporation,US,NASDAQ,USD,Common Stock,US1924221039
CTSH,Cognizant,US,NASDAQ,USD,Common Stock,US1924461023
COHR,Coherent Corp.,US,NASDAQ,USD,Common Stock,US19247A1007
COIN,Coinbase,US,NASDAQ,USD,Common Stock,US19260Q1076
CL,Colgate-Palmolive,US,NYSE,USD,Common Stock,US1941621039
COLB,Columbia Banking System,US,NASDAQ,USD,Common Stock,US1972361026
COLM,Columbia Sportswear,US,NASDAQ,USD,Common Stock,US1985161066
CMCSA,Comcast,US,NASDAQ,USD,Common Stock,US20030N1019
CMA,Comerica,US,NYSE,USD,Common Stock,US2003401070
FIX,Comfort Systems USA,US,NYSE,USD,Common Stock,US1999081045
CBSH,Commerce Bancshares,US,NASDAQ,USD,Common Stock,US2005251036
CAG,Conagra Brands,US,NYSE,USD,Common Stock,US2058871029
CNXC,Concentrix,US,NASDAQ,USD,Common Stock,US20602D1019
CFLT,Confluent Inc.,US,NASDAQ,USD,Common Stock,US20717M1036
COP,ConocoPhillips,US,NYSE,USD,Common Stock,US20825C1045
ED,Consolidated Edison,US,NYSE,USD,Common Stock,US2091151041
STZ,Constellation Brands,US,NYSE,USD,Common Stock,US21036P1084
CEG,Constellation Energy,US,NASDAQ,USD,Common Stock,US2103724035
COO,Cooper Companies (The),US,NYSE,USD,Common Stock,US2166484020
CPRT,Copart,US,NASDAQ,USD,Common Stock,US2172041061
CORT,Corcept Therapeutics,US,NASDAQ,USD,Common Stock,US2183521028
CNM,Core & Main,US,NYSE,USD,Common Stock,US21873J1088
GLW,Corning Inc.,US,NYSE,USD,Common Stock,US2193501051
CPAY,Corpay,US,NASDAQ,USD,Common Stock,
CTVA,Corteva,US,NYSE,USD,Common Stock,US22052L1044
CSGP,CoStar Group,US,NASDAQ,USD,Common Stock,US22160N1090
COST,Costco,US,NASDAQ,USD,Common Stock,US22160K1051
CTRA,Coterra,US,NYSE,USD,Common Stock,US22160N1090
COTY,Coty,US,NYSE,USD,Common Stock,US2220702037
CPNG,Coupang,US,NYSE,USD,Common Stock,US22266T1097
CUZ,Cousins Properties,US,NYSE,USD,Common Stock,US2227951066
CR,Crane Co.,US,NYSE,USD,Common Stock,US2243993095
CXT,Crane NXT,US,NYSE,USD,Common Stock,US2244151054
CACC,Credit Acceptance,US,NASDAQ,USD,Common Stock,US2253101016
CRH,CRH plc,US,NYSE,USD,Common Stock,US12626K2033
CROX,Crocs,US,NASDAQ,USD,Common Stock,US2270461096
CRWD,CrowdStrike,US,NASDAQ,USD,Common Stock,US22788C1053
CCI,Crown Castle,US,NYSE,USD,Common Stock,US22822V1017
CCK,Crown Holdings,US,NYSE,USD,Common Stock,US2283681060
CSX,CSX Corporation,US,NASDAQ,USD,Common Stock,US1264081035
CUBE,CubeSmart,US,NYSE,USD,Common Stock,US2296631094
CMI,Cummins,US,NYSE,USD,Common Stock,US2310211063
CW,Curtiss-Wright,US,NYSE,USD,Common Stock,US2315611010
CVS,CVS Health,US,NYSE,USD,Common Stock,US1266501006
DHI,D. R. Horton,US,NYSE,USD,Common Stock,US23331A1097
DHR,Danaher Corporation,US,NYSE,USD,Common Stock,US2358511028
DRI,Darden Restaurants,US,NYSE,USD,Common Stock,US2371941053
DAR,Darling Ingredients,US,NYSE,USD,Common Stock,US2372661015
DDOG,Datadog,US,NASDAQ,USD,Common Stock,US23804L1035
DVA,DaVita,US,NYSE,USD,Common Stock,US23918K1088
DAY,Dayforce,US,NYSE,USD,Common Stock,
DECK,Deckers Brands,US,NYSE,USD,Common Stock,US2435371073
DE,Deere & Company,US,NYSE,USD,Common Stock,US2441991054
DAL,Delta Air Lines,US,NYSE,USD,Common Stock,US2473617023
DELL,Dell Technologies,US,NYSE,USD,Common Stock,US24703L2025
XRAY,Dentsply Sirona,US,NASDAQ,USD,Common Stock,US24906P1093
DVN,Devon Energy,US,NYSE,USD,Common Stock,US25179M1036
DXCM,Dexcom,US,NASDAQ,USD,Common Stock,US2521311074
FANG,Diamondback Energy,US,NASDAQ,USD,Common Stock,US25278X1090
DKS,Dick's Sporting Goods,US,NYSE,USD,Common Stock,US2533931026
DLR,Digital Realty,US,NYSE,USD,Common Stock,US2538681030
DDS,Dillard's,US,NYSE,USD,Common Stock,US2540671011
DOCU,DocuSign,US,NASDAQ,USD,Common Stock,US2561631068
DLB,Dolby Laboratories,US,NYSE,USD,Common Stock,US25659T1079
DG,Dollar General,US,NYSE,USD,Common Stock,US2566771059
DLTR,Dollar Tree,US,NASDAQ,USD,Common Stock,US2567461080
D,Dominion Energy,US,NYSE,USD,Common Stock,US25746U1097
DPZ,Domino's,US,NYSE,USD,Common Stock,US25754A2015
DCI,Donaldson Company,US,NYSE,USD,Common Stock,US2576511099
DASH,DoorDash,US,NYSE,USD,Common Stock,US25809K1051
DV,DoubleVerify,US,NYSE,USD,Common Stock,US25862V1052
DOV,Dover Corporation,US,NYSE,USD,Common Stock,US2600031080
DOW,Dow Inc.,US,NYSE,USD,Common Stock,US2605571031
DOCS,Doximity,US,NYSE,USD,Common Stock,US26622P1075
DKNG,DraftKings,US,NASDAQ,USD,Common Stock,US26142R1041
DBX,Dropbox,US,NASDAQ,USD,Common Stock,US26210C1045
DTM,DT Midstream,US,NYSE,USD,Common Stock,US2333311072
DTE,DTE Energy,US,NYSE,USD,Common Stock,US2333311072
DUK,Duke Energy,US,NYSE,USD,Common Stock,US26441C2044
DNB,Dun & Bradstreet,US,NYSE,USD,Common Stock,US26484T1060
DUOL,Duolingo,US,NASDAQ,USD,Common Stock,US26603R1068
DD,DuPont,US,NYSE,USD,Common Stock,US26614N1028
BROS,Dutch Bros. Coffee,US,NYSE,USD,Common Stock,US26701L1008
DXC,DXC Technology,US,NYSE,USD,Common Stock,US23355L1061
DT,Dynatrace,US,NYSE,USD,Common Stock,US2681501092
ELF,e.l.f. Beauty,US,NYSE,USD,Common Stock,US26856L1035
EXP,Eagle Materials,US,NYSE,USD,Common Stock,US26969P1084
EWBC,East West Bancorp,US,NASDAQ,USD,Common Stock,US27579R1041
EGP,EastGroup Properties,US,NYSE,USD,Common Stock,US2772761019
EMN,Eastman Chemical Company,US,NYSE,USD,Common Stock,US2774321002
ETN,Eaton Corporation,US,NYSE,USD,Common Stock,IE00B8KQN827
EBAY,eBay,US,NASDAQ,USD,Common Stock,US2786421030
ECL,Ecolab,US,NYSE,USD,Common Stock,US2788651006
EIX,Edison International,US,NYSE,USD,Common Stock,US2810201077
EW,Edwards Lifesciences,US,NASDAQ,USD,Common Stock,US28176E1082
ELAN,Elanco,US,NYSE,USD,Common Stock,US28414H1032
ESTC,Elastic NV,US,NYSE,USD,Common Stock,NL0000388748
EA,Electronic Arts,US,NASDAQ,USD,Common Stock,US2855121099
ESI,Element Solutions,US,NYSE,USD,Common Stock,US28618M1062
ELV,Elevance Health,US,NYSE,USD,Common Stock,US0367521038
EME,Emcor,US,NYSE,USD,Common Stock,US29084Q1004
EMR,Emerson Electric,US,NYSE,USD,Common Stock,US2910111044
EHC,Encompass Health,US,NYSE,USD,Common Stock,US29261A1007
ENPH,Enphase Energy,US,NASDAQ,USD,Common Stock,US29355A1079
ENTG,Entegris,US,NASDAQ,USD,Common Stock,US29362U1043
ETR,Entergy,US,NYSE,USD,Common Stock,US29364G1031
NVST,Envista,US,NYSE,USD,Common Stock,US29414B1044
EOG,EOG Resources,US,NYSE,USD,Common Stock,US26875P1012
EPAM,EPAM Systems,US,NYSE,USD,Common Stock,US29414B1044
EPR,EPR Properties,US,NYSE,USD,Common Stock,US26884U1097
EQT,EQT Corporation,US,NYSE,USD,Common Stock,US26884L1098
EFX,Equifax,US,NYSE,USD,Common Stock,US2944291051
EQIX,Equinix,US,NASDAQ,USD,Common Stock,US29444U7000
EQH,Equitable Holdings,US,NYSE,USD,Common Stock,US29452E1010
ELS,Equity Lifestyle Properties,US,NYSE,USD,Common Stock,US29472R1086
EQR,Equity Residential,US,NYSE,USD,Common Stock,US29476L1070
ESAB,ESAB,US,NYSE,USD,Common Stock,LU2401305120
WTRG,Essential Utilities,US,NYSE,USD,Common Stock,US29670G1022
ESS,Essex Property Trust,US,NYSE,USD,Common Stock,US2971781057
EL,Estée Lauder Companies (The),US,NYSE,USD,Common Stock,US5184391044
ETSY,Etsy,US,NASDAQ,USD,Common Stock,US29786A1060
EEFT,Euronet Worldwide,US,NASDAQ,USD,Common Stock,US2987361092
EVR,Evercore,US,NYSE,USD,Common Stock,US29977A1051
EG,Everest Group,US,NYSE,USD,Common Stock,BMG3223R1088
EVRG,Evergy,US,NYSE,USD,Common Stock,US30034W1062
ES,Eversource Energy,US,NYSE,USD,Common Stock,US30040W1080
ECG,Everus Construction Group,US,NYSE,USD,Common Stock,
EXAS,Exact Sciences,US,NASDAQ,USD,Common Stock,US30063P1057
EXEL,Exelixis,US,NASDAQ,USD,Common Stock,US30161Q1040
EXC,Exelon,US,NASDAQ,USD,Common Stock,US30161N1019
EXLS,EXL Service,US,NASDAQ,USD,Common Stock,US3020811044
EXE,Expand Energy,US,NYSE,USD,Common Stock,
EXPE,Expedia Group,US,NASDAQ,USD,Common Stock,US30212P3038
EXPD,Expeditors International,US,NASDAQ,USD,Common Stock,US3021301094
EXR,Extra Space Storage,US,NYSE,USD,Common Stock,US30225T1025
XOM,ExxonMobil,US,NYSE,USD,Common Stock,US30231G1022
FFIV,F5 Inc.,US,NASDAQ,USD,Common Stock,US3156161024
FDS,FactSet,US,NYSE,USD,Common Stock,US3030751057
FICO,Fair Isaac,US,NYSE,USD,Common Stock,US3032501047
FAST,Fastenal,US,NASDAQ,USD,Common Stock,US3119001044
FRT,Federal Realty Investment Trust,US,NYSE,USD,Common Stock,US3137472060
FDX,FedEx,US,NYSE,USD,Common Stock,US31428X1063
FERG,Ferguson Enterprises,US,NYSE,USD,Common Stock,JE00BJVNSS43
FNF,Fidelity National Financial,US,NYSE,USD,Common Stock,US31620R3030
FIS,Fidelity National Information Services,US,NYSE,USD,Common Stock,US31620M1062
FITB,Fifth Third Bancorp,US,NASDAQ,USD,Common Stock,US3167731005
FAF,First American Financial Corporation,US,NYSE,USD,Common Stock,US31847R1023
FCNCA,First Citizens BancShares,US,NASDAQ,USD,Common Stock,US31946M1036
FHB,First Hawaiian Inc.,US,NASDAQ,USD,Common Stock,US32051X1081
FHN,First Horizon Corporation,US,NYSE,USD,Common Stock,US3205171057
FR,First Industrial Realty Trust,US,NYSE,USD,Common Stock,US32054K1034
FSLR,First Solar,US,NASDAQ,USD,Common Stock,US3364331070
FE,FirstEnergy,US,NYSE,USD,Common Stock,US3379321074
FI,Fiserv,US,NASDAQ,USD,Common Stock,US3377381088
FIVE,Five Below,US,NASDAQ,USD,Common Stock,US33829M1018
FLEX,Flex Ltd.,US,NASDAQ,USD,Common Stock,SG9999000020
FND,Floor & Decor,US,NYSE,USD,Common Stock,US3397501012
FLO,Flowers Foods,US,NYSE,USD,Common Stock,US3434981011
FLS,Flowserve,US,NYSE,USD,Common Stock,US34354P1057
FLUT,Flutter Entertainment,US,OTC,USD,Common Stock,IE00BWT6H894
FMC,FMC Corporation,US,NYSE,USD,Common Stock,US3024913036
FNB,FNB Corporation,US,NYSE,USD,Common Stock,US3025201019
F,Ford Motor Company,US,NYSE,USD,Common Stock,US3453708600
FTNT,Fortinet,US,NASDAQ,USD,Common Stock,US34959E1091
FTV,Fortive,US,NYSE,USD,Common Stock,US34959J1088
FBIN,Fortune Brands Innovations,US,NYSE,USD,Common Stock,US34964C1062
FOXA,Fox Corporation (Class A),US,NASDAQ,USD,Common Stock,US35137L1052
FOX,Fox Corporation (Class B),US,NASDAQ,USD,Common Stock,US35137L2043
BEN,Franklin Templeton Investments,US,NYSE,USD,Common Stock,US3546131018
FRHC,Freedom Holding,US,NASDAQ,USD,Common Stock,US3563901046
FCX,Freeport-McMoRan,US,NYSE,USD,Common Stock,US35671D8570
FRPT,Freshpet,US,NASDAQ,USD,Common Stock,US3580391056
FYBR,Frontier Communications,US,NASDAQ,USD,Common Stock,US35909D1081
CFR,Frost Bank (Cullen/Frost),US,NYSE,USD,Common Stock,US2298991090
FTAI,FTAI Aviation,US,NASDAQ,USD,Common Stock,US3498531017
FCN,FTI Consulting,US,NYSE,USD,Common Stock,US3029411093
GME,GameStop,US,NYSE,USD,Common Stock,US36467W1099
GLPI,Gaming and Leisure Properties,US,NASDAQ,USD,Common Stock,US36467J1088
GPS,Gap Inc.,US,NYSE,USD,Common Stock,US3647601083
GRMN,Garmin,US,NYSE,USD,Common Stock,CH0114405324
IT,Gartner,US,NYSE,USD,Common Stock,US3666511072
GTES,Gates Corporation,US,NYSE,USD,Common Stock,JE00BDCQ2Z11
GLIBA,GCI Liberty (Series A),US,NYSE,USD,Common Stock,US36164V3050
GLIBK,GCI Liberty (Series C),US,NYSE,USD,Common Stock,US36164V2060
GE,GE Aerospace (General Electric),US,NYSE,USD,Common Stock,US3696043013
GEHC,GE HealthCare,US,NASDAQ,USD,Common Stock,US36266G1076
GEV,GE Vernova,US,NYSE,USD,Common Stock,
GEN,Gen Digital,US,NASDAQ,USD,Common Stock,US3687361044
GNRC,Generac,US,NYSE,USD,Common Stock,US3687361044
GD,General Dynamics,US,NYSE,USD,Common Stock,US3695501086
GIS,General Mills,US,NYSE,USD,Common Stock,US3703341046
GM,General Motors,US,NYSE,USD,Common Stock,US37045V1008
G,Genpact,US,NYSE,USD,Common Stock,US37255R2004
GNTX,Gentex,US,NASDAQ,USD,Common Stock,US3719011096
GPC,Genuine Parts Company,US,NYSE,USD,Common Stock,US3724601055
GILD,Gilead Sciences,US,NASDAQ,USD,Common Stock,US3755581036
GTLB,GitLab,US,NASDAQ,USD,Common Stock,US37637K1088
GPN,Global Payments,US,NYSE,USD,Common Stock,US37940X1028
GFS,GlobalFoundries,US,NASDAQ,USD,Common Stock,US37960X1028
GLOB,Globant,US,NYSE,USD,Common Stock,LU0974295285
GL,Globe Life,US,NYSE,USD,Common Stock,US37959E1029
GMED,Globus Medical,US,NYSE,USD,Common Stock,US3795772082
GDDY,GoDaddy,US,NASDAQ,USD,Common Stock,US3802371076
GS,Goldman Sachs,US,NYSE,USD,Common Stock,US38141G1040
GGG,Graco Inc.,US,NYSE,USD,Common Stock,US3841091040
LOPE,Grand Canyon Education,US,NASDAQ,USD,Common Stock,US38526M1062
GPK,Graphic Packaging,US,NYSE,USD,Common Stock,US3886891015
GWRE,Guidewire Software,US,NYSE,USD,Common Stock,US40171V1008
GXO,GXO Logistics,US,NYSE,USD,Common Stock,US36262G1013
HAL,Halliburton,US,NYSE,USD,Common Stock,US4062161017
HALO,Halozyme,US,NASDAQ,USD,Common Stock,US40637H1095
HLNE,Hamilton Lane,US,NASDAQ,USD,Common Stock,US4074971058
THG,Hanover Insurance,US,NYSE,USD,Common Stock,US4108671052
HOG,Harley-Davidson,US,NYSE,USD,Common Stock,US4128221086
HIG,Hartford (The),US,NYSE,USD,Common Stock,US4165151048
HAS,Hasbro,US,NASDAQ,USD,Common Stock,US4180561072
HAYW,Hayward Holdings,US,NYSE,USD,Common Stock,US42086L1017
HCA,HCA Healthcare,US,NYSE,USD,Common Stock,US40412C1018
HR,Healthcare Realty Trust,US,NYSE,USD,Common Stock,US42226K1051
PEAK,Healthpeak Properties,US,NYSE,USD,Common Stock,US42250P1030
HEI.A,HEICO (Class A),US,NYSE,USD,Common Stock,US4228062083
HEI,HEICO (Common),US,NYSE,USD,Common Stock,US4228061093
JKHY,Jack Henry & Associates,US,NASDAQ,USD,Common Stock,US4262811015
HSY,Hershey Company (The),US,NYSE,USD,Common Stock,US4278661081
HPE,Hewlett Packard Enterprise,US,NYSE,USD,Common Stock,US42824C1099
HXL,Hexcel,US,NYSE,USD,Common Stock,US4282911084
DINO,HF Sinclair,US,NYSE,USD,Common Stock,US4039491000
HIW,Highwoods Properties,US,NYSE,USD,Common Stock,US4312841087
HLT,Hilton Worldwide,US,NYSE,USD,Common Stock,US43300X1054
HOLX,Hologic,US,NASDAQ,USD,Common Stock,US4364401012
HD,Home Depot (The),US,NYSE,USD,Common Stock,US4370761029
HON,Honeywell,US,NASDAQ,USD,Common Stock,US4385161066
HRL,Hormel Foods,US,NYSE,USD,Common Stock,US4404521001
HST,Host Hotels & Resorts,US,NASDAQ,USD,Common Stock,US44107P1049
HLI,Houlihan Lokey,US,NYSE,USD,Common Stock,US4415931009
HHH,Howard Hughes Holdings,US,NYSE,USD,Common Stock,US44267D1072
HWM,Howmet Aerospace,US,NYSE,USD,Common Stock,US4432011082
HPQ,HP Inc.,US,NYSE,USD,Common Stock,US40434L1052
HUBB,Hubbell Incorporated,US,NYSE,USD,Common Stock,US4435106079
HUBS,HubSpot,US,NYSE,USD,Common Stock,US4435731009
HUM,Humana,US,NYSE,USD,Common Stock,US4448591028
HBAN,Huntington Bancshares,US,NASDAQ,USD,Common Stock,US4461501045
HII,Huntington Ingalls Industries,US,NYSE,USD,Common Stock,US4464131063
HUN,Huntsman Corporation,US,NYSE,USD,Common Stock,US4470111075
H,Hyatt Hotels,US,NYSE,USD,Common Stock,US4485791028
IAC,IAC Inc.,US,NASDAQ,USD,Common Stock,US44891N2080
IBM,IBM,US,NYSE,USD,Common Stock,US4592001014
IDA,Idacorp,US,NYSE,USD,Common Stock,US4511071064
IEX,IDEX Corporation,US,NYSE,USD,Common Stock,US45167R1041
IDXX,Idexx Laboratories,US,NASDAQ,USD,Common Stock,US45168D1046
ITW,Illinois Tool Works,US,NYSE,USD,Common Stock,US4523081093
ILMN,Illumina Inc.,US,NASDAQ,USD,Common Stock,US4523271090
INCY,Incyte,US,NASDAQ,USD,Common Stock,US45337C1027
INFA,Informatica,US,NYSE,USD,Common Stock,US45674M1071
IR,Ingersoll Rand,US,NYSE,USD,Common Stock,IE00B6330302
INGM,Ingram Micro,US,,USD,Common Stock,
INGR,Ingredion,US,NYSE,USD,Common Stock,US4571871023
INSM,Insmed,US,NASDAQ,USD,Common Stock,US4576693075
INSP,Inspire Medical Systems,US,NYSE,USD,Common Stock,US4577301090
PODD,Insulet,US,NASDAQ,USD,Common Stock,US45784P1012
INTC,Intel,US,NASDAQ,USD,Common Stock,US4581401001
IBKR,Interactive Brokers,US,NASDAQ,USD,Common Stock,US45841N1072
ICE,Intercontinental Exchange,US,NYSE,USD,Common Stock,US45866F1049
IFF,International Flavors & Fragrances,US,NYSE,USD,Common Stock,US4595061015
IP,International Paper,US,NYSE,USD,Common Stock,US4601461035
IPG,Interpublic Group (The),US,NYSE,USD,Common Stock,US4606901001
INTU,Intuit,US,NASDAQ,USD,Common Stock,US4612021034
ISRG,Intuitive Surgical,US,NASDAQ,USD,Common Stock,US46120E6023
IVZ,Invesco,US,NYSE,USD,Common Stock,BMG491BT1088
INVH,Invitation Homes,US,NYSE,USD,Common Stock,US46187W1071
IONS,Ionis Pharmaceuticals,US,NASDAQ,USD,Common Stock,US4622221004
IPGP,IPG Photonics,US,NASDAQ,USD,Common Stock,US44980X1090
IQV,IQVIA,US,NYSE,USD,Common Stock,US46266C1053
IRDM,Iridium Communications,US,NASDAQ,USD,Common Stock,US46269C1027
IRM,Iron Mountain,US,NYSE,USD,Common Stock,US46284V1017
ITT,ITT Inc.,US,NYSE,USD,Common Stock,US45073V1089
JBL,Jabil,US,NYSE,USD,Common Stock,US4663131039
J,Jacobs Solutions,US,NYSE,USD,Common Stock,US46982L1089
JHX,James Hardie Industries,US,NYSE,USD,Common Stock,AU000000JHX1
JHG,Janus Henderson,US,NYSE,USD,Common Stock,JE00BYPZJM29
JAZZ,Jazz Pharmaceuticals,US,NASDAQ,USD,Common Stock,IE00B4Q5ZN47
JBHT,J. B. Hunt,US,NASDAQ,USD,Common Stock,US4456581077
JEF,Jefferies Financial Group,US,NYSE,USD,Common Stock,US47233W1099
JNJ,Johnson & Johnson,US,NYSE,USD,Common Stock,US4781601046
JCI,Johnson Controls,US,NYSE,USD,Common Stock,IE00BY7QL619
JLL,Jones Lang LaSalle,US,NYSE,USD,Common Stock,US48020Q1076
JPM,JPMorgan Chase,US,NYSE,USD,Common Stock,US46625H1005
KRMN,Karman Holdings,US,,USD,Common Stock,
KBR,KBR Inc.,US,NYSE,USD,Common Stock,US48242W1062
K,Kellanova,US,NYSE,USD,Common Stock,US48826K1016
KMPR,Kemper Corporation,US,NYSE,USD,Common Stock,US4884011002
KVUE,Kenvue,US,NYSE,USD,Common Stock,US49178M1071
KDP,Keurig Dr Pepper,US,NASDAQ,USD,Common Stock,US49271V1008
KEY,KeyCorp,US,NYSE,USD,Common Stock,US4932671088
KEYS,Keysight,US,NYSE,USD,Common Stock,US49338L1035
KRC,Kilroy Realty,US,NYSE,USD,Common Stock,US49427F1084
KMB,Kimberly-Clark,US,NYSE,USD,Common Stock,US4943681035
KIM,Kimco Realty,US,NYSE,USD,Common Stock,US49446R1095
KMI,Kinder Morgan,US,NYSE,USD,Common Stock,US49456B1017
KNSL,Kinsale Capital Group,US,NYSE,USD,Common Stock,US49714P1084
KEX,Kirby Corporation,US,NYSE,USD,Common Stock,US4972661064
KKR,KKR & Co. Inc.,US,NYSE,USD,Common Stock,US48251W1045
KLAC,KLA Corporation,US,NASDAQ,USD,Common Stock,US4824801009
KNX,Knight-Swift,US,NYSE,USD,Common Stock,US4990491049
KHC,Kraft Heinz,US,NASDAQ,USD,Common Stock,US5007541064
KR,Kroger,US,NYSE,USD,Common Stock,US5010441013
KD,Kyndryl,US,NYSE,USD,Common Stock,US50155Q1004
LHX,L3Harris,US,NYSE,USD,Common Stock,US5024311095
LH,Labcorp,US,NYSE,USD,Common Stock,US50540R4092
LRCX,Lam Research,US,NASDAQ,USD,Common Stock,US5128071082
LAMR,Lamar Advertising,US,NASDAQ,USD,Common Stock,US5128161099
LW,Lamb Weston,US,NYSE,USD,Common Stock,US5132721045
LSTR,Landstar,US,NASDAQ,USD,Common Stock,US5150981018
LVS,Las Vegas Sands,US,NYSE,USD,Common Stock,US5178341070
LSCC,Lattice Semiconductor,US,NASDAQ,USD,Common Stock,US5184151042
LAZ,Lazard,US,NYSE,USD,Common Stock,BMG540501027
LEA,Lear Corporation,US,NYSE,USD,Common Stock,US5218652049
LDOS,Leidos,US,NYSE,USD,Common Stock,US5253271028
LEN,Lennar (Class A),US,NYSE,USD,Common Stock,US5260571048
LEN.B,Lennar (Class B),US,NYSE,USD,Common Stock,US5260573028
LII,Lennox International,US,NYSE,USD,Common Stock,US5261071071
DRS,Leonardo DRS,US,NASDAQ,USD,Common Stock,US52629A1025
LBRDA,Liberty Broadband (Series A),US,NASDAQ,USD,Common Stock,US5303071071
LBRDK,Liberty Broadband (Series C),US,NASDAQ,USD,Common Stock,US5303073051
LBTYA,Liberty Global (Series A),US,NASDAQ,USD,Common Stock,GB00B8W67662
LBTYK,Liberty Global (Series C),US,NASDAQ,USD,Common Stock,GB00B8W67B19
FWONA,Liberty Formula 1 (Series A),US,NASDAQ,USD,Common Stock,US5312294094
FWONK,Liberty Formula 1 (Series C),US,NASDAQ,USD,Common Stock,US5312298543
LLYVA,Liberty Live (Series A),US,NASDAQ,USD,Common Stock,
LLYVK,Liberty Live (Series C),US,NASDAQ,USD,Common Stock,
LNW,Light & Wonder,US,NASDAQ,USD,Common Stock,US53227R1023
LLY,Lilly (Eli),US,NYSE,USD,Common Stock,US5324571083
LECO,Lincoln Electric,US,NYSE,USD,Common Stock,US5339001068
LNC,Lincoln Financial,US,NYSE,USD,Common Stock,US5341871094
LIN,Linde plc,US,NYSE,USD,Common Stock,IE00BZ12WP82
LINE,Lineage Inc.,US,,USD,Common Stock,
LAD,Lithia Motors,US,NYSE,USD,Common Stock,US5367971034
LFUS,Littelfuse,US,NASDAQ,USD,Common Stock,US5370081045
LYV,Live Nation Entertainment,US,NYSE,USD,Common Stock,US5380341090
LKQ,LKQ Corporation,US,NASDAQ,USD,Common Stock,US5018892084
LOAR,Loar Holdings,US,,USD,Common Stock,
LMT,Lockheed Martin,US,NYSE,USD,Common Stock,US5398301094
L,Loews Corporation,US,NYSE,USD,Common Stock,US5404242074
LPX,Louisiana-Pacific,US,NYSE,USD,Common Stock,US5463471053
LOW,Lowe's,US,NYSE,USD,Common Stock,US5486611073
LPLA,LPL Financial,US,NASDAQ,USD,Common Stock,US50212V1008
LCID,Lucid Motors (Lucid Group),US,NASDAQ,USD,Common Stock,US5494981039
LULU,Lululemon Athletica,US,NASDAQ,USD,Common Stock,US5500211090
LITE,Lumentum,US,NASDAQ,USD,Common Stock,US55024U1097
LYFT,Lyft,US,NASDAQ,USD,Common Stock,US55087P1049
LYB,LyondellBasell,US,NYSE,USD,Common Stock,NL0009434992
MTB,M&T Bank,US,NYSE,USD,Common Stock,US55261F1049
MTSI,MACOM Technology Solutions,US,NASDAQ,USD,Common Stock,US55405Y1001
M,Macy's Inc.,US,NYSE,USD,Common Stock,US55616P1049
MSGS,Madison Square Garden Sports,US,NYSE,USD,Common Stock,US55826P1003
MANH,Manhattan Associates,US,NASDAQ,USD,Common Stock,US5627501092
MAN,ManpowerGroup,US,NYSE,USD,Common Stock,US56418H1005
CART,Maplebear Inc. (Instacart),US,NASDAQ,USD,Common Stock,
MPC,Marathon Petroleum,US,NYSE,USD,Common Stock,US56585A1025
MKL,Markel,US,NYSE,USD,Common Stock,US5705351048
MKTX,MarketAxess,US,NASDAQ,USD,Common Stock,US57060D1081
MAR,Marriott International,US,NASDAQ,USD,Common Stock,US5719032022
MMC,Marsh McLennan,US,NYSE,USD,Common Stock,US5717481023
MLM,Martin Marietta Materials,US,NYSE,USD,Common Stock,US5732841060
MRVL,Marvell Technology,US,NASDAQ,USD,Common Stock,BMG5876H1051
MAS,Masco,US,NYSE,USD,Common Stock,US5745991068
MASI,Masimo,US,NASDAQ,USD,Common Stock,US5747951003
MTZ,MasTec,US,NYSE,USD,Common Stock,US5763231090
MA,Mastercard,US,NYSE,USD,Common Stock,US57636Q1040
MTDR,Matador Resources,US,NYSE,USD,Common Stock,US5764852050
MTCH,Match Group,US,NASDAQ,USD,Common Stock,US57667L1070
MAT,Mattel,US,NASDAQ,USD,Common Stock,US5770811025
MKC,McCormick & Company,US,NYSE,USD,Common Stock,US5797802064
MCD,McDonald's,US,NYSE,USD,Common Stock,US5801351017
MCK,McKesson Corporation,US,NYSE,USD,Common Stock,US58155Q1031
MDU,MDU Resources,US,NYSE,USD,Common Stock,US5826905041
MPW,Medical Properties Trust,US,NYSE,USD,Common Stock,US58463J3041
MEDP,Medpace,US,NASDAQ,USD,Common Stock,US58504Q1067
MDT,Medtronic,US,NYSE,USD,Common Stock,IE00BTN1Y115
MRK,Merck & Co.,US,NYSE,USD,Common Stock,US58933Y1055
META,Meta Platforms,US,NASDAQ,USD,Common Stock,US30303M1027
MET,MetLife,US,NYSE,USD,Common Stock,US59156R1086
MTD,Mettler Toledo,US,NYSE,USD,Common Stock,US5926881054
MTG,MGIC Investment Corporation,US,NYSE,USD,Common Stock,US5528481030
MGM,MGM Resorts International,US,NYSE,USD,Common Stock,US5529531015
MCHP,Microchip Technology,US,NASDAQ,USD,Common Stock,US5950171042
MU,Micron Technology,US,NASDAQ,USD,Common Stock,US5951121038
MSFT,Microsoft,US,NASDAQ,USD,Common Stock,US5949181045
MSTR,MicroStrategy,US,NASDAQ,USD,Common Stock,US5949724083
MAA,Mid-America Apartment Communities,US,NYSE,USD,Common Stock,US59522J1034
MIDD,Middleby,US,NASDAQ,USD,Common Stock,US5962781010
TIGO,Millicom,US,NASDAQ,USD,Common Stock,LU0038705702
MRP,Millrose Properties,US,,USD,Common Stock,
MKSI,MKS Instruments,US,NASDAQ,USD,Common Stock,US55306N1046
MRNA,Moderna,US,NASDAQ,USD,Common Stock,US60770K1079
MHK,Mohawk Industries,US,NYSE,USD,Common Stock,US6081901042
MOH,Molina Healthcare,US,NYSE,USD,Common Stock,US60855R1005
TAP,Molson Coors,US,NYSE,USD,Common Stock,US60871R2094
MDLZ,Mondelez International,US,NASDAQ,USD,Common Stock,US6092071058
MDB,MongoDB Inc.,US,NASDAQ,USD,Common Stock,US60937P1066
MPWR,Monolithic Power Systems,US,NASDAQ,USD,Common Stock,US6098391054
MNST,Monster Beverage,US,NASDAQ,USD,Common Stock,US61174X1090
MCO,Moody's Corporation,US,NYSE,USD,Common Stock,US6153691059
MS,Morgan Stanley,US,NYSE,USD,Common Stock,US6174464486
MORN,Morningstar Inc.,US,NASDAQ,USD,Common Stock,US6177001095
MOS,Mosaic Company (The),US,NYSE,USD,Common Stock,US61945C1036
MSI,Motorola Solutions,US,NYSE,USD,Common Stock,US6200763075
MP,MP Materials,US,NYSE,USD,Common Stock,US5533681012
COOP,Mr. Cooper Group,US,NASDAQ,USD,Common Stock,US62482R1077
MSA,MSA Safety,US,NYSE,USD,Common Stock,US5534981064
MSM,MSC Industrial Direct,US,NYSE,USD,Common Stock,US5535301064
MSCI,MSCI,US,NYSE,USD,Common Stock,US55354G1004
MLI,Mueller Industries,US,NYSE,USD,Common Stock,US6247561029
MUSA,Murphy USA,US,NYSE,USD,Common Stock,US6267551025
NDAQ,Nasdaq Inc.,US,NASDAQ,USD,Common Stock,US6311031081
NTRA,Natera,US,NASDAQ,USD,Common Stock,US6323071042
NFG,National Fuel Gas,US,NYSE,USD,Common Stock,US6361801011
NSA,National Storage Affiliates,US,NYSE,USD,Common Stock,US6378701063
NCNO,nCino,US,NASDAQ,USD,Common Stock,US63947X1019
NTAP,NetApp,US,NASDAQ,USD,Common Stock,US64110D1046
NFLX,Netflix,US,NASDAQ,USD,Common Stock,US64110L1061
NBIX,Neurocrine Biosciences,US,NASDAQ,USD,Common Stock,US64125C1099
NYT,New York Times Company,US,NYSE,USD,Common Stock,US6501111073
NWL,Newell Brands,US,NASDAQ,USD,Common Stock,US6512291062
NEU,NewMarket,US,NYSE,USD,Common Stock,US6515871076
NEM,Newmont,US,NYSE,USD,Common Stock,US6516391066
NWSA,News Corp (Class A),US,NASDAQ,USD,Common Stock,US65249B1098
NWS,News Corp (Class B),US,NASDAQ,USD,Common Stock,US65249B2088
NXST,Nexstar Media Group,US,NASDAQ,USD,Common Stock,US65336K1034
NEE,NextEra Energy,US,NYSE,USD,Common Stock,US65339F1012
NKE,Nike Inc.,US,NYSE,USD,Common Stock,US6541061031
NI,NiSource,US,NYSE,USD,Common Stock,US65473P1057
NNN,NNN Reit,US,NYSE,USD,Common Stock,US62944T1051
NDSN,Nordson,US,NASDAQ,USD,Common Stock,US6556631025
NSC,Norfolk Southern,US,NYSE,USD,Common Stock,US6558441084
NTRS,Northern Trust,US,NASDAQ,USD,Common Stock,US6658591044
NOC,Northrop Grumman,US,NYSE,USD,Common Stock,US6668071029
NCLH,Norwegian Cruise Line Holdings,US,NYSE,USD,Common Stock,BMG667211046
NOV,NOV Inc.,US,NYSE,USD,Common Stock,US62955J1034
NRG,NRG Energy,US,NYSE,USD,Common Stock,US6293775085
NU,Nubank (Nu Holdings Ltd.),US,NYSE,USD,Common Stock,KYG6683N1034
NUE,Nucor,US,NYSE,USD,Common Stock,US6703461052
NTNX,Nutanix,US,NASDAQ,USD,Common Stock,US67059N1081
NVT,Nvent Electric,US,NYSE,USD,Common Stock,IE00BJ3V9050
NVDA,Nvidia,US,NASDAQ,USD,Common Stock,US67066G1040
NVR,NVR Inc.,US,NYSE,USD,Common Stock,US62944T1051
ORLY,O'Reilly Auto Parts,US,NASDAQ,USD,Common Stock,US67103H1077
OXY,Occidental Petroleum,US,NYSE,USD,Common Stock,US6745991058
OGE,OGE Energy,US,NYSE,USD,Common Stock,US6708371033
OKTA,Okta Inc.,US,NASDAQ,USD,Common Stock,US6792951054
ODFL,Old Dominion Freight Line,US,NASDAQ,USD,Common Stock,US6795801009
ORI,Old Republic International,US,NYSE,USD,Common Stock,US6802231042
OLN,Olin Corporation,US,NYSE,USD,Common Stock,US6806652052
OLLI,Ollie's Bargain Outlet,US,NASDAQ,USD,Common Stock,US6811161099
OHI,Omega Healthcare Investors,US,NYSE,USD,Common Stock,US6819361006
OMC,Omnicom Group,US,NYSE,USD,Common Stock,US6819191064
ONON,On Holding AG,US,NYSE,USD,Common Stock,CH1134540470
ON,ON Semiconductor,US,NASDAQ,USD,Common Stock,US6821891057
OMF,OneMain Financial,US,NYSE,USD,Common Stock,US68268W1036
OKE,Oneok,US,NYSE,USD,Common Stock,US6826801036
ONTO,Onto Innovation,US,NYSE,USD,Common Stock,US6833441057
ORCL,Oracle Corporation,US,NYSE,USD,Common Stock,US68389X1054
OGN,Organon & Co.,US,NYSE,USD,Common Stock,US68622V1061
OSK,Oshkosh Corporation,US,NYSE,USD,Common Stock,US6882392011
OTIS,Otis Worldwide,US,NYSE,USD,Common Stock,US68902V1070
OVV,Ovintiv,US,NYSE,USD,Common Stock,US69047Q1022
OC,Owens Corning,US,NYSE,USD,Common Stock,US6907421019
PCAR,Paccar,US,NASDAQ,USD,Common Stock,US6937181088
PKG,Packaging Corporation of America,US,NYSE,USD,Common Stock,US6951561090
PLTR,Palantir Technologies,US,NYSE,USD,Common Stock,US69608A1088
PANW,Palo Alto Networks,US,NASDAQ,USD,Common Stock,US6974351057
PK,Park Hotels & Resorts,US,NYSE,USD,Common Stock,US7005171050
PH,Parker Hannifin,US,NYSE,USD,Common Stock,US7010941042
PSN,Parsons Corporation,US,NYSE,USD,Common Stock,US70202L1026
PAYX,Paychex,US,NASDAQ,USD,Common Stock,US7043261079
PAYC,Paycom,US,NYSE,USD,Common Stock,US70432V1026
PCTY,Paylocity,US,NASDAQ,USD,Common Stock,US70438V1061
PYPL,PayPal,US,NASDAQ,USD,Common Stock,US70450Y1038
PEGA,Pegasystems,US,NASDAQ,USD,Common Stock,US7055731035
PENN,Penn Entertainment,US,NASDAQ,USD,Common Stock,US7075691094
PAG,Penske Automotive Group,US,NYSE,USD,Common Stock,US70959W1036
PNR,Pentair,US,NYSE,USD,Common Stock,IE00BLS09M33
PEN,Penumbra Inc.,US,NYSE,USD,Common Stock,US70975L1070
PEP,PepsiCo,US,NASDAQ,USD,Common Stock,US7134481081
PFGC,Performance Food Group,US,NYSE,USD,Common Stock,US71377A1034
PR,Permian Resources,US,NASDAQ,USD,Common Stock,US71424F1057
PRGO,Perrigo,US,NYSE,USD,Common Stock,IE00BGH1M568
PFE,Pfizer,US,NYSE,USD,Common Stock,US7170811035
PCG,PG&E Corporation,US,NYSE,USD,Common Stock,US69331C1080
PM,Philip Morris International,US,NYSE,USD,Common Stock,US7181721090
PSX,Phillips 66,US,NYSE,USD,Common Stock,US7185461040
PPC,Pilgrim's Pride,US,NASDAQ,USD,Common Stock,US72147K1088
PNFP,Pinnacle Financial Partners,US,NASDAQ,USD,Common Stock,US72346Q1040
PNW,Pinnacle West Capital,US,NYSE,USD,Common Stock,US7234841010
PINS,Pinterest,US,NYSE,USD,Common Stock,US72352L1061
PLNT,Planet Fitness,US,NYSE,USD,Common Stock,US72703H1014
PNC,PNC Financial Services,US,NYSE,USD,Common Stock,US6934751057
POOL,Pool Corporation,US,NASDAQ,USD,Common Stock,US73278L1052
BPOP,Popular Inc.,US,NASDAQ,USD,Common Stock,PR7331747001
POST,Post Holdings,US,NYSE,USD,Common Stock,US7374461041
PPG,PPG Industries,US,NYSE,USD,Common Stock,US6935061076
PPL,PPL Corporation,US,NYSE,USD,Common Stock,US69351T1060
TROW,T. Rowe Price,US,NASDAQ,USD,Common Stock,US74144T1088
PRI,Primerica,US,NYSE,USD,Common Stock,US74164M1080
PRMB,Primo Brands (Primo Water),US,NYSE,USD,Common Stock,CA74167P1080
PFG,Principal Financial Group,US,NASDAQ,USD,Common Stock,US74251V1026
PCOR,Procore,US,NYSE,USD,Common Stock,US74275K1088
PG,Procter & Gamble,US,NYSE,USD,Common Stock,US7427181091
PGR,Progressive Corporation,US,NYSE,USD,Common Stock,US7433151039
PLD,Prologis,US,NYSE,USD,Common Stock,US74340W1036
PB,Prosperity Bancshares,US,NYSE,USD,Common Stock,US7436061052
PRU,Prudential Financial,US,NYSE,USD,Common Stock,US7443201022
PTC,PTC Inc.,US,NASDAQ,USD,Common Stock,US69370C1009
PSA,Public Storage,US,NYSE,USD,Common Stock,US74460D1090
PEG,Public Service Enterprise Group,US,NYSE,USD,Common Stock,US7445731067
PHM,PulteGroup,US,NYSE,USD,Common Stock,US7458671010
PSTG,Pure Storage,US,NYSE,USD,Common Stock,US74624M1027
PVH,PVH Corp.,US,NYSE,USD,Common Stock,US6936561009
QGEN,Qiagen,US,NYSE,USD,Common Stock,NL0012169213
QRVO,Qorvo,US,NASDAQ,USD,Common Stock,US74736K1016
QCOM,Qualcomm,US,NASDAQ,USD,Common Stock,US7475251036
PWR,Quanta Services,US,NYSE,USD,Common Stock,US74762E1029
QS,QuantumScape,US,NYSE,USD,Common Stock,US74767V1098
DGX,Quest Diagnostics,US,NYSE,USD,Common Stock,US74834L1008
QXO,QXO Inc.,US,,USD,Common Stock,
RAL,Ralliant,US,,USD,Common Stock,
RL,Ralph Lauren Corporation,US,NYSE,USD,Common Stock,US7512121010
RRC,Range Resources,US,NYSE,USD,Common Stock,US75281A1097
RJF,Raymond James Financial,US,NYSE,USD,Common Stock,US7547301090
RYN,Rayonier,US,NYSE,USD,Common Stock,US7549071030
RBA,RB Global (Ritchie Bros.),US,NYSE,USD,Common Stock,CA76774Q1054
RBC,RBC Bearings,US,NYSE,USD,Common Stock,US75524B1044
O,Realty Income,US,NYSE,USD,Common Stock,US7561091049
RDDT,Reddit (Placeholder),US,,USD,Common Stock,
RRX,Regal Rexnord,US,NYSE,USD,Common Stock,US7587501039
REG,Regency Centers,US,NASDAQ,USD,Common Stock,US7588491032
REGN,Regeneron Pharmaceuticals,US,NASDAQ,USD,Common Stock,US75886F1075
RF,Regions Financial Corporation,US,NYSE,USD,Common Stock,US7591EP1005
RGA,Reinsurance Group of America,US,NYSE,USD,Common Stock,US7593516047
RS,Reliance Inc.,US,NYSE,USD,Common Stock,US7595091023
RNR,RenaissanceRe,US,NYSE,USD,Common Stock,BMG7496G1033
RGEN,Repligen,US,NASDAQ,USD,Common Stock,US7599161095
RSG,Republic Services,US,NYSE,USD,Common Stock,US7607591002
RMD,Resmed,US,NYSE,USD,Common Stock,US7611521078
QSR,Restaurant Brands International,US,NYSE,USD,Common Stock,CA76131D1033
RVMD,Revolution Medicines,US,NASDAQ,USD,Common Stock,US76155X1072
RVTY,Revvity,US,NYSE,USD,Common Stock,US76155N1072
REXR,Rexford Industrial,US,NYSE,USD,Common Stock,US76169C1009
REYN,Reynolds Consumer Products,US,NASDAQ,USD,Common Stock,US76171L1061
RH,RH (Restoration Hardware),US,NYSE,USD,Common Stock,US74967X1037
RNG,RingCentral,US,NYSE,USD,Common Stock,US76680R2067
RITM,Rithm Capital,US,NYSE,USD,Common Stock,US76710V1008
RIVN,Rivian,US,NASDAQ,USD,Common Stock,US76954A1034
RLI,RLI Corp.,US,NYSE,USD,Common Stock,US7496071074
RHI,Robert Half,US,NYSE,USD,Common Stock,US7703231032
HOOD,Robinhood Markets,US,NASDAQ,USD,Common Stock,US77149R1005
RBLX,Roblox Corporation,US,NYSE,USD,Common Stock,US7710491033
RKT,Rocket Companies,US,NYSE,USD,Common Stock,US77311W1018
RKLB,Rocket Lab,US,NASDAQ,USD,Common Stock,US7731221062
ROK,Rockwell Automation,US,NYSE,USD,Common Stock,US7739031091
ROIV,Roivant Sciences,US,NASDAQ,USD,Common Stock,KYG762791788
ROKU,Roku Inc.,US,NASDAQ,USD,Common Stock,US77543R1023
ROL,Rollins Inc.,US,NYSE,USD,Common Stock,US7757111049
ROP,Roper Technologies,US,NYSE,USD,Common Stock,US7766961061
ROST,Ross Stores,US,NASDAQ,USD,Common Stock,US7782961038
RCL,Royal Caribbean Group,US,NYSE,USD,Common Stock,LR0008862868
RGLD,Royal Gold,US,NASDAQ,USD,Common Stock,US7802871084
RPRX,Royalty Pharma,US,NASDAQ,USD,Common Stock,US78081P1021
RPM,RPM International,US,NYSE,USD,Common Stock,US7496851038
RTX,RTX Corporation,US,NYSE,USD,Common Stock,US75513E1010
RBRK,Rubrik,US,,USD,Common Stock,
RYAN,Ryan Specialty,US,NYSE,USD,Common Stock,US78351M1099
R,Ryder,US,NYSE,USD,Common Stock,US7835491082
SPGI,S&P Global,US,NYSE,USD,Common Stock,US78409V1044
SAIA,Saia,US,NASDAQ,USD,Common Stock,US78709Y1055
SAIL,SailPoint,US,,USD,Common Stock,
SAIC,SAIC,US,NYSE,USD,Common Stock,US78390X1019
CRM,Salesforce,US,NYSE,USD,Common Stock,US79466L3024
SLM,Sallie Mae (SLM Corp),US,NASDAQ,USD,Common Stock,US78442P1066
IOT,Samsara,US,NYSE,USD,Common Stock,US79589L1061
SNDK,SanDisk,US,,USD,Common Stock,
SRPT,Sarepta Therapeutics,US,NASDAQ,USD,Common Stock,US8036071004
SBAC,SBA Communications,US,NASDAQ,USD,Common Stock,US78410G1040
HSIC,Schein (Henry) (Henry Schein),US,NASDAQ,USD,Common Stock,US8064071025
SLB,Schlumberger,US,NYSE,USD,Common Stock,AN8068571086
SNDR,Schneider National,US,NYSE,USD,Common Stock,US80689H1023
SMG,Scotts Miracle-Gro Company,US,NYSE,USD,Common Stock,US8101861065
SEB,Seaboard Corporation,US,AMEX,USD,Common Stock,US8115431079
SEE,Sealed Air,US,NYSE,USD,Common Stock,US81211K1007
SEIC,SEI Investments Company,US,NASDAQ,USD,Common Stock,US7841171033
SRE,Sempra,US,NYSE,USD,Common Stock,US8168511090
ST,Sensata Technologies,US,NYSE,USD,Common Stock,NL0009434915
S,SentinelOne,US,NYSE,USD,Common Stock,US81730H1095
SCI,Service Corporation International,US,NYSE,USD,Common Stock,US8175651046
NOW,ServiceNow,US,NASDAQ,USD,Common Stock,US81762P1021
SN,SharkNinja,US,NYSE,USD,Common Stock,US81964U1060
SHW,Sherwin-Williams,US,NYSE,USD,Common Stock,US8243481061
FOUR,Shift4,US,NYSE,USD,Common Stock,US82452J1097
SLGN,Silgan Holdings,US,NASDAQ,USD,Common Stock,US8270481091
SPG,Simon Property Group,US,NYSE,USD,Common Stock,US8288061091
SSD,Simpson Manufacturing Company,US,NYSE,USD,Common Stock,US8290731053
SIRI,Sirius XM,US,NASDAQ,USD,Common Stock,US82968B1035
SITE,SiteOne Landscape Supply,US,NYSE,USD,Common Stock,US82982L1035
SKX,Skechers,US,NYSE,USD,Common Stock,US8305661055
SWKS,Skyworks Solutions,US,NASDAQ,USD,Common Stock,US83088M1027
SFD,Smithfield Foods,US,,USD,Common Stock,
SJM,Smucker (J.M.) Company (The),US,NYSE,USD,Common Stock,US8326964058
SW,Smurfit Westrock,US,,USD,Common Stock,
SNA,Snap-on,US,NYSE,USD,Common Stock,US8330341012
SNOW,Snowflake Inc.,US,NYSE,USD,Common Stock,US8334451098
SOFI,SoFi,US,NASDAQ,USD,Common Stock,US83406F1021
SOLV,Solventum,US,,USD,Common Stock,
SGI,Somnigroup International,US,,USD,Common Stock,
SON,Sonoco,US,NYSE,USD,Common Stock,US8354951027
SHC,Sotera Health,US,NASDAQ,USD,Common Stock,US83689F1021
SO,Southern Company,US,NYSE,USD,Common Stock,US8425871071
SCCO,Southern Copper,US,NYSE,USD,Common Stock,US84265V1052
SSB,SouthState Corporation,US,NASDAQ,USD,Common Stock,US8447671034
LUV,Southwest Airlines,US,NYSE,USD,Common Stock,US8447411088
SPR,Spirit AeroSystems,US,NYSE,USD,Common Stock,US8485741099
SPOT,Spotify,US,NYSE,USD,Common Stock,LU1778762911
SFM,Sprouts Farmers Market,US,NASDAQ,USD,Common Stock,US85208M1027
SSNC,SS&C Technologies,US,NASDAQ,USD,Common Stock,US78467J1007
STAG,STAG Industrial,US,NYSE,USD,Common Stock,US85254J1025
SARO,StandardAero (VECTA?),US,,USD,Common Stock,
SWK,Stanley Black & Decker,US,NYSE,USD,Common Stock,US8545021011
SBUX,Starbucks,US,NASDAQ,USD,Common Stock,US8552441094
STWD,Starwood Property Trust,US,NYSE,USD,Common Stock,US85571B1052
STT,State Street Corporation,US,NYSE,USD,Common Stock,US8574771031
STLD,Steel Dynamics,US,NASDAQ,USD,Common Stock,US8581191009
STE,Steris,US,NYSE,USD,Common Stock,IE00BFY8C754
SF,Stifel,US,NYSE,USD,Common Stock,US8606301021
SYK,Stryker Corporation,US,NYSE,USD,Common Stock,US8636671013
SMMT,Summit Therapeutics,US,NASDAQ,USD,Common Stock,US86627T1088
SUI,Sun Communities,US,NYSE,USD,Common Stock,US8666741041
SMCI,Supermicro,US,NASDAQ,USD,Common Stock,US86800U1043
SYF,Synchrony Financial,US,NYSE,USD,Common Stock,US87165B1035
SNPS,Synopsys,US,NASDAQ,USD,Common Stock,US8716071076
SNV,Synovus,US,NYSE,USD,Common Stock,US87161C5013
SYY,Sysco,US,NYSE,USD,Common Stock,US8718291078
TMUS,T-Mobile US,US,NASDAQ,USD,Common Stock,US8725901040
TTWO,Take-Two Interactive,US,NASDAQ,USD,Common Stock,US8740541094
TLN,Talen Energy,US,,USD,Common Stock,
TPR,Tapestry Inc.,US,NYSE,USD,Common Stock,US8760301072
TRGP,Targa Resources,US,NYSE,USD,Common Stock,US87612G1013
TGT,Target Corporation,US,NYSE,USD,Common Stock,US87612E1064
SNX,TD Synnex,US,NYSE,USD,Common Stock,US87162W1009
FTI,TechnipFMC,US,NYSE,USD,Common Stock,GB00BDSFG982
TDY,Teledyne Technologies,US,NYSE,USD,Common Stock,US8793601050
TFX,Teleflex,US,NYSE,USD,Common Stock,US8793691069
TEM,Tempus AI,US,,USD,Common Stock,
THC,Tenet Healthcare,US,NYSE,USD,Common Stock,US88033G4073
TDC,Teradata,US,NYSE,USD,Common Stock,US88076W1036
TER,Teradyne,US,NASDAQ,USD,Common Stock,US8807701029
TSLA,Tesla Inc.,US,NASDAQ,USD,Common Stock,US88160R1014
TTEK,Tetra Tech,US,NASDAQ,USD,Common Stock,US88162G1031
TXN,Texas Instruments,US,NASDAQ,USD,Common Stock,US8825081040
TPL,Texas Pacific Land Corporation,US,NYSE,USD,Common Stock,US8826101086
TXRH,Texas Roadhouse,US,NASDAQ,USD,Common Stock,US8826811098
TXT,Textron,US,NYSE,USD,Common Stock,US8832031012
TMO,Thermo Fisher Scientific,US,NYSE,USD,Common Stock,US8835561023
TFSL,Third Federal S&L,US,NASDAQ,USD,Common Stock,US8855521079
THO,Thor Industries,US,NYSE,USD,Common Stock,US8851601018
TKR,Timken Company,US,NYSE,USD,Common Stock,US8873891043
TJX,TJX Companies,US,NYSE,USD,Common Stock,US8725401090
TKO,TKO Group Holdings,US,NYSE,USD,Common Stock,NL0015000RK7
TOST,Toast Inc.,US,NYSE,USD,Common Stock,US8887871085
TOL,Toll Brothers,US,NYSE,USD,Common Stock,US8894781033
BLD,TopBuild,US,NYSE,USD,Common Stock,US89055F1038
TTC,Toro Company (The),US,NYSE,USD,Common Stock,US8910921084
TPG,TPG Inc.,US,NASDAQ,USD,Common Stock,US87265K1043
TSCO,Tractor Supply Company,US,NASDAQ,USD,Common Stock,US8923561067
TTD,Trade Desk (The),US,NASDAQ,USD,Common Stock,US88339J1051
TW,Tradeweb,US,NASDAQ,USD,Common Stock,US8926721064
TT,Trane Technologies,US,NYSE,USD,Common Stock,IE00BK9ZQ967
TDG,TransDigm Group,US,NYSE,USD,Common Stock,US8936411003
TRU,TransUnion,US,NYSE,USD,Common Stock,US89400J1079
TNL,Travel + Leisure Co.,US,NYSE,USD,Common Stock,US8941641020
TRV,Travelers Companies (The),US,NYSE,USD,Common Stock,US89417E1091
TREX,Trex Company Inc.,US,NYSE,USD,Common Stock,US89531P1057
TRMB,Trimble Inc.,US,NASDAQ,USD,Common Stock,US8962391004
TFC,Truist Financial,US,NYSE,USD,Common Stock,US89832Q1094
DJT,Trump Media & Technology Group,US,,USD,Common Stock,
TWLO,Twilio,US,NYSE,USD,Common Stock,US90138F1021
TYL,Tyler Technologies,US,NYSE,USD,Common Stock,US9022521051
TSN,Tyson Foods,US,NYSE,USD,Common Stock,US9024941034
UHAL,U-Haul,US,NYSE,USD,Common Stock,US9013311077
UHAL.B,U-Haul (Series N),US,NYSE,USD,Common Stock,
USB,U.S. Bancorp,US,NYSE,USD,Common Stock,US9029733048
UBER,Uber,US,NYSE,USD,Common Stock,US90353T1007
UI,Ubiquiti,US,NYSE,USD,Common Stock,US90353W1036
UDR,UDR Inc.,US,NYSE,USD,Common Stock,US9026531049
UGI,UGI Corporation,US,NYSE,USD,Common Stock,US9026811052
PATH,UiPath,US,NYSE,USD,Common Stock,US90364P1057
ULTA,Ulta Beauty,US,NASDAQ,USD,Common Stock,US90384S3031
RARE,Ultragenyx,US,NASDAQ,USD,Common Stock,US90400D1081
UAA,Under Armour (Class A),US,NYSE,USD,Common Stock,US9043111072
UA,Under Armour (Class C),US,NYSE,USD,Common Stock,US9043112062
UNP,Union Pacific Corporation,US,NYSE,USD,Common Stock,US9078181081
UAL,United Airlines Holdings,US,NASDAQ,USD,Common Stock,US9100471096
UPS,United Parcel Service,US,NYSE,USD,Common Stock,US9113121068
URI,United Rentals,US,NYSE,USD,Common Stock,US9113631090
UTHR,United Therapeutics,US,NASDAQ,USD,Common Stock,US91307C1027
UWMC,United Wholesale Mortgage,US,NASDAQ,USD,Common Stock,US91349V1052
UNH,UnitedHealth Group,US,NYSE,USD,Common Stock,US91324P1021
U,Unity Technologies,US,NYSE,USD,Common Stock,US91332U1016
OLED,Universal Display Corporation,US,NASDAQ,USD,Common Stock,US91347P1057
UHS,Universal Health Services,US,NYSE,USD,Common Stock,US9139031002
UNM,Unum,US,NYSE,USD,Common Stock,US91529Y1064
USFD,US Foods,US,NYSE,USD,Common Stock,US9120081099
MTN,Vail Resorts,US,NYSE,USD,Common Stock,US91879Q1094
VLO,Valero Energy,US,NYSE,USD,Common Stock,US91913Y1001
VMI,Valmont Industries,US,NYSE,USD,Common Stock,US9202531011
VVV,Valvoline,US,NYSE,USD,Common Stock,US92047W1018
VEEV,Veeva Systems,US,NYSE,USD,Common Stock,US9224751084
VTR,Ventas Inc.,US,NYSE,USD,Common Stock,US92276F1003
VLTO,Veralto,US,NYSE,USD,Common Stock,US92338C1045
VRSN,Verisign,US,NASDAQ,USD,Common Stock,US92343E1029
VRSK,Verisk Analytics,US,NASDAQ,USD,Common Stock,US92345Y1064
VZ,Verizon,US,NYSE,USD,Common Stock,US92343V1044
VRTX,Vertex Pharmaceuticals,US,NASDAQ,USD,Common Stock,US92532F1003
VRT,Vertiv,US,NYSE,USD,Common Stock,US92537N1081
VFC,VF Corporation,US,NYSE,USD,Common Stock,US9182041080
VTRS,Viatris,US,NASDAQ,USD,Common Stock,US92556V1061
VICI,Vici Properties,US,NYSE,USD,Common Stock,US9256521090
VIK,Viking Holdings,US,,USD,Common Stock,
VKTX,Viking Therapeutics,US,NASDAQ,USD,Common Stock,US92686J1060
VNOM,Viper Energy,US,NASDAQ,USD,Common Stock,US92763M1053
VIRT,Virtu Financial,US,NASDAQ,USD,Common Stock,US9282541013
V,Visa Inc.,US,NYSE,USD,Common Stock,US92826C8394
VST,Vistra Corp.,US,NYSE,USD,Common Stock,US92840M1027
VNT,Vontier,US,NYSE,USD,Common Stock,US9288811014
VNO,Vornado Realty Trust,US,NYSE,USD,Common Stock,US9290421091
VOYA,Voya Financial,US,NYSE,USD,Common Stock,US9290891004
VMC,Vulcan Materials,US,NYSE,USD,Common Stock,US9291601097
WPC,W. P. Carey,US,NYSE,USD,Common Stock,US92936U1097
WRB,W. R. Berkley Corporation,US,NYSE,USD,Common Stock,US0844231029
GWW,W. W. Grainger,US,NYSE,USD,Common Stock,US3848021040
WAB,Wabtec (Westinghouse Air Brake),US,NYSE,USD,Common Stock,US9297401088
WBA,Walgreens Boots Alliance,US,NASDAQ,USD,Common Stock,US9314271084
WMT,Walmart,US,NYSE,USD,Common Stock,US9311421039
DIS,Walt Disney Company (The),US,NYSE,USD,Common Stock,US2546871060
WBD,Warner Bros. Discovery,US,NASDAQ,USD,Common Stock,US9344231041
WM,Waste Management Inc.,US,NYSE,USD,Common Stock,US94106L1098
WAT,Waters Corporation,US,NYSE,USD,Common Stock,US9418481035
WSO,Watsco,US,NYSE,USD,Common Stock,US9426222009
W,Wayfair,US,NYSE,USD,Common Stock,US94419L1017
WFRD,Weatherford International,US,NASDAQ,USD,Common Stock,PR92942M3068
WBS,Webster Bank (Webster Financial),US,NYSE,USD,Common Stock,US9478901096
WEC,WEC Energy Group,US,NYSE,USD,Common Stock,US92939U1060
WFC,Wells Fargo,US,NYSE,USD,Common Stock,US9497461015
WELL,Welltower,US,NYSE,USD,Common Stock,US95040Q1040
WEN,Wendy's Company (The),US,NASDAQ,USD,Common Stock,US95058W1009
WCC,Wesco International,US,NYSE,USD,Common Stock,US95082P1057
WST,West Pharmaceutical Services,US,NYSE,USD,Common Stock,US9553061055
WAL,Western Alliance Bancorporation,US,NYSE,USD,Common Stock,US9576381092
WDC,Western Digital,US,NASDAQ,USD,Common Stock,US9581021055
WU,Western Union,US,NYSE,USD,Common Stock,US9598021098
WLK,Westlake Corporation,US,NYSE,USD,Common Stock,US9604131022
WEX,WEX Inc.,US,NYSE,USD,Common Stock,US96208T1043
WY,Weyerhaeuser,US,NYSE,USD,Common Stock,US9621661043
WHR,Whirlpool Corporation,US,NYSE,USD,Common Stock,US9633201069
WTM,White Mountains Insurance Group,US,NYSE,USD,Common Stock,BMG9618E1074
WMB,Williams Companies,US,NYSE,USD,Common Stock,US9694571004
WSM,Williams-Sonoma Inc.,US,NYSE,USD,Common Stock,US9699041011
WTW,Willis Towers Watson,US,NASDAQ,USD,Common Stock,IE00BDB6Q211
WSC,WillScot Mobile Mini,US,NASDAQ,USD,Common Stock,US9713781048
WING,Wingstop,US,NASDAQ,USD,Common Stock,US9741551033
WTFC,Wintrust Financial,US,NASDAQ,USD,Common Stock,US97650W1080
WWD,Woodward Inc.,US,NASDAQ,USD,Common Stock,US9807451037
WDAY,Workday Inc.,US,NASDAQ,USD,Common Stock,US98138H1014
WH,Wyndham Hotels & Resorts,US,NYSE,USD,Common Stock,US98311A1051
WYNN,Wynn Resorts,US,NASDAQ,USD,Common Stock,US9831341071
XEL,Xcel Energy,US,NASDAQ,USD,Common Stock,US98389B1008
XP,XP Inc.,US,NASDAQ,USD,Common Stock,KYG982391099
XPO,XPO Inc.,US,NYSE,USD,Common Stock,US9837931008
XYL,Xylem Inc.,US,NYSE,USD,Common Stock,US98419M1009
YETI,Yeti Holdings,US,NYSE,USD,Common Stock,US98585X1046
YUM,Yum! Brands,US,NYSE,USD,Common Stock,US9884981013
ZBRA,Zebra Technologies,US,NASDAQ,USD,Common Stock,US9892071054
ZG,Zillow (Class A),US,NASDAQ,USD,Common Stock,US98954M1018
Z,Zillow (Class C),US,NASDAQ,USD,Common Stock,US98954M2008
ZBH,Zimmer Biomet,US,NYSE,USD,Common Stock,US98956P1021
ZION,Zions Bancorporation,US,NASDAQ,USD,Common Stock,US9897011071
ZTS,Zoetis,US,NYSE,USD,Common Stock,US98978V1035
ZS,Zscaler,US,NASDAQ,USD,Common Stock,US98980G1022
ZM,Zoom Video Communications,US,NASDAQ,USD,Common Stock,US98980L1017
